href,Target
https://www.borsagundem.com/,1
https://www.posta.com.tr/,1
https://www.gazetevatan.com/,1
https://www.posta.com.tr/gundem,1
https://www.posta.com.tr/gundem/siyaset,1
https://www.turkish.shafaqna.com/,1
https://www.haberler.com/,1
https://www.sondakika.com/,1
https://www.haberturk.com/ekonomi/borsa,1
https://www.f5haber.com/,1
https://www.borsagundem.com/sirket-haberleri,1
https://www.posta.com.tr/gundem/turkiye,1
https://www.turkish.shafaqna.com/,1
https://www.turkish.shafaqna.com/TR/AL/archive/1,1
https://www.haberler.com/,1
https://www.haberler.com/son-dakika/,1
https://www.sondakika.com/,1
https://www.sondakika.com/ekonomi/,1
https://www.haberturk.com/ekonomi/altin,1
https://www.borsagundem.com/borsa-kulis,1
https://theworldnews.net/,1
https://www.posta.com.tr/dunya,1
https://www.turkish.shafaqna.com/EN,1
https://www.haberler.com/magazin/,1
https://www.sondakika.com/spor/,1
https://www.haberturk.com/ekonomi/borsa,1
https://www.f5haber.com/konu/koronavirus,1
https://www.borsagundem.com/piyasa,1
https://theworldnews.net/buy-traffic,1
https://theworldnews.net/,1
https://www.posta.com.tr/spor,1
https://www.haberler.com/spor/,1
https://www.sondakika.com/magazin/,1
https://www.haberturk.com/,1
https://www.haberturk.com/,1
https://www.haberturk.com/,1
https://www.f5haber.com/gazete-mansetleri,1
https://www.borsagundem.com/gundem,1
https://theworldnews.net/,1
https://theworldnews.net/,1
https://theworldnews.net/,1
https://www.posta.com.tr/ekonomi,1
https://www.haberler.com/ekonomi/,1
https://www.sondakika.com/dunya/,1
https://www.haberturk.com/,1
https://www.f5haber.com/gundem,1
https://www.borsagundem.com/hisse-onerileri,1
https://theworldnews.net/tr-news,1
https://theworldnews.net/tr-news,1
https://www.posta.com.tr/magazin,1
https://www.haberler.com/tumu/,1
https://www.sondakika.com/yerel-haberler/,1
https://www.f5haber.com/ekonomi,1
https://www.borsagundem.com/teknik-analiz,1
https://theworldnews.net/#tr-today,1
https://theworldnews.net/#tr-edited,1
https://theworldnews.net/#tr-removed,1
https://www.posta.com.tr/magazin/cumartesipostasi,1
https://www.haberturk.com/,1
https://www.haberturk.com/,1
https://www.f5haber.com/spor,1
https://theworldnews.net/,1
https://theworldnews.net/,1
https://www.borsagundem.com/neden-yukseldi,1
https://www.posta.com.tr/magazin/pazarpostasi,1
https://www.haberturk.com/canliyayin,1
https://www.haberturk.com/video,1
https://www.f5haber.com/,1
https://theworldnews.net/,1
https://theworldnews.net/tr-news/,1
https://theworldnews.net/,1
https://www.borsagundem.com/neden-dustu,1
https://www.gazetevatan.com/,1
https://www.posta.com.tr/sosyal-yasam,1
https://www.haberturk.com/,1
https://www.f5haber.com/#menu,1
https://theworldnews.net/,1
https://theworldnews.net/,1
https://theworldnews.net/,1
https://qoshe.com/login,1
https://theworldnews.net/us-news,1
https://theworldnews.net/us-news,1
https://www.posta.com.tr/alisveris,1
https://qoshe.com/info,1
https://qoshe.com/,1
https://qoshe.com/au,1
https://www.haberturk.com/gundem,1
https://theworldnews.net/#us-today,1
https://theworldnews.net/#us-edited,1
https://www.posta.com.tr/insan/ask-iliskiler,1
https://qoshe.com/az,1
https://qoshe.com/bg,1
https://www.haberturk.com/gundem/politika,1
https://theworldnews.net/#us-removed,1
https://www.posta.com.tr/insan/moda,1
https://qoshe.com/be,1
https://qoshe.com/bo,1
https://qoshe.com/ba,1
https://www.haberturk.com/gundem/ucuncu-sayfa,1
https://theworldnews.net/,1
https://theworldnews.net/,1
https://www.borsagundem.com/piyasa-ekrani,1
https://www.turkish.shafaqna.com/TR/AL/sou/tr.sputniknews.com/sputniknews,1
https://www.posta.com.tr/insan/bakim,1
https://qoshe.com/br,1
https://qoshe.com/ca,1
https://qoshe.com/cl,1
https://www.haberturk.com/gundem/egitim,1
https://theworldnews.net/,1
https://theworldnews.net/us-news/,1
https://theworldnews.net/,1
https://www.borsagundem.com/piyasa-ekrani/kripto-para,1
https://www.turkish.shafaqna.com/TR/AL/sou/tr.sputniknews.com/sputniknews,1
https://www.posta.com.tr/ebeveyn,1
https://qoshe.com/co,1
https://qoshe.com/cu,1
https://qoshe.com/de,1
https://www.haberturk.com/gundem/guvenlik,1
https://theworldnews.net/,1
https://theworldnews.net/,1
https://www.borsagundem.com/piyasa-ekrani/canli-borsa,1
https://www.turkish.shafaqna.com/TR/AL/sou/sondakika.haber7.com/Haber 7,1
https://www.turkish.shafaqna.com/TR/AL/sou/sondakika.haber7.com/Haber 7,1
https://www.posta.com.tr/insan/egzersiz-diyet,1
https://qoshe.com/dk,1
https://qoshe.com/es,1
https://qoshe.com/gr,1
https://www.haberturk.com/gundem/inanc,1
https://theworldnews.net/,1
https://theworldnews.net/gb-news,1
https://www.borsagundem.com/piyasa-ekrani/canli-borsa,1
https://www.turkish.shafaqna.com/TR/AL/sou/sondakika.haber7.com/Haber 7,1
https://www.posta.com.tr/saglik,1
https://qoshe.com/fr,1
https://qoshe.com/hr,1
https://qoshe.com/in/en,1
https://www.haberturk.com/gundem/ankara,1
https://theworldnews.net/gb-news,1
https://theworldnews.net/#gb-today,1
https://theworldnews.net/#gb-edited,1
https://www.borsagundem.com/#turkiye,1
https://www.posta.com.tr/sosyal-yasam/bilim-teknoloji,1
https://qoshe.com/ie,1
https://qoshe.com/it,1
https://www.haberturk.com/gundem/istanbul,1
https://theworldnews.net/#gb-removed,1
https://theworldnews.net/,1
https://www.borsagundem.com/#yurtdisi,1
https://www.borsagundem.com/#parite,1
https://www.posta.com.tr/seyahat,1
https://qoshe.com/lb,1
https://qoshe.com/lu,1
https://www.haberturk.com/gundem/ege,1
https://theworldnews.net/,1
https://theworldnews.net/,1
https://theworldnews.net/gb-news/,1
https://www.borsagundem.com/#artan,1
https://www.borsagundem.com/#azalan,1
https://www.borsagundem.com/#kripto,1
https://qoshe.com/mx,1
https://qoshe.com/nl,1
https://qoshe.com/nz,1
https://www.haberturk.com/gundem/cevre,1
https://theworldnews.net/,1
https://www.borsagundem.com/piyasa-ekrani/endeksler,1
https://www.borsagundem.com/piyasa-ekrani/doviz/serbest-piyasa,1
https://www.posta.com.tr/evde-yasam/evcil-dostlar,1
https://qoshe.com/no,1
https://qoshe.com/at,1
https://www.haberturk.com/gundem/vefat,1
https://theworldnews.net/,1
https://www.borsagundem.com/piyasa-ekrani/doviz/serbest-piyasa,1
https://www.borsagundem.com/piyasa-ekrani/altin,1
https://www.posta.com.tr/sosyal-yasam/doga,1
https://qoshe.com/pk/en,1
https://www.haberturk.com/ekonomi,1
https://theworldnews.net/,1
https://theworldnews.net/,1
https://theworldnews.net/de-news,1
https://www.borsagundem.com/piyasa-ekrani/altin,1
https://www.borsagundem.com/piyasa-ekrani/endeksler/uluslararasi-endeksler,1
https://www.borsagundem.com/piyasa-ekrani/endeksler/uluslararasi-endeksler,1
https://www.gazetevatan.com/,1
https://www.gazetevatan.com/,1
https://www.posta.com.tr/evde-yasam/pratik-bilgiler,1
https://qoshe.com/pk/ur,1
https://qoshe.com/pe,1
https://qoshe.com/ru,1
https://www.haberturk.com/ekonomi/altin,1
https://theworldnews.net/de-news,1
https://theworldnews.net/#de-today,1
https://www.borsagundem.com/piyasa-ekrani/endeksler/uluslararasi-endeksler,1
https://www.borsagundem.com/piyasa-ekrani/endeksler/uluslararasi-endeksler,1
https://www.posta.com.tr/evde-yasam/yemek,1
https://qoshe.com/pt,1
https://www.haberturk.com/ekonomi/doviz,1
https://theworldnews.net/#de-edited,1
https://theworldnews.net/#de-removed,1
https://theworldnews.net/,1
https://www.borsagundem.com/piyasa-ekrani/endeksler/uluslararasi-endeksler,1
https://www.borsagundem.com/piyasa-ekrani/doviz/parite,1
https://www.posta.com.tr/sosyal-yasam/egitim-kariyer,1
https://qoshe.com/sg,1
https://qoshe.com/rs,1
https://qoshe.com/fi,1
https://www.haberturk.com/ekonomi/borsa,1
https://theworldnews.net/,1
https://theworldnews.net/,1
https://www.borsagundem.com/piyasa-ekrani/doviz/parite,1
https://www.borsagundem.com/piyasa-ekrani/doviz/parite,1
https://www.borsagundem.com/piyasa-ekrani/doviz/parite,1
https://www.turkish.shafaqna.com/TR/AL/sou/sondakika.haber7.com/Haber 7,1
https://qoshe.com/se,1
https://qoshe.com/ch,1
https://qoshe.com/tr,1
https://qoshe.com/gb,1
https://qoshe.com/us,1
https://qoshe.com/ve,1
https://qoshe.com/en,1
https://www.haberturk.com/ekonomi/kripto-para,1
https://theworldnews.net/de-news/,1
https://www.borsagundem.com/piyasa-ekrani/doviz/parite,1
https://www.borsagundem.com/piyasa-ekrani/doviz/parite,1
https://www.borsagundem.com/piyasa-ekrani/hisse-detay/UZERB,1
https://www.turkish.shafaqna.com/TR/AL/sou/sondakika.haber7.com/Haber 7,1
https://www.turkish.shafaqna.com/TR/AL/sou/sondakika.haber7.com/Haber 7,1
https://www.posta.com.tr/posta-tv,1
https://qoshe.com/gazete/aeon-en,1
https://qoshe.com/gazete/al-jazeera,1
https://www.haberturk.com/ekonomi/is-yasam,1
https://www.borsagundem.com/piyasa-ekrani/hisse-detay/IZTAR,1
https://www.borsagundem.com/piyasa-ekrani/hisse-detay/YAYLA,1
https://www.turkish.shafaqna.com/TR/AL/sou/sondakika.haber7.com/Haber 7,1
https://www.posta.com.tr/,1
https://qoshe.com/gazete/amrica-economa-en,1
https://www.haberturk.com/ekonomi/otomobil,1
https://www.borsagundem.com/piyasa-ekrani/hisse-detay/TUCLK,1
https://www.borsagundem.com/piyasa-ekrani/hisse-detay/ISBIR,1
https://www.borsagundem.com/piyasa-ekrani/hisse-detay/GOZDE,1
https://www.turkish.shafaqna.com/TR/AL/sou/sondakika.haber7.com/Haber 7,1
https://qoshe.com/gazete/deutsche-welle,1
https://qoshe.com/gazete/dnevnik,1
https://www.haberturk.com/ekonomi/turizm,1
https://www.borsagundem.com/piyasa-ekrani/hisse-detay/AYES,1
https://www.borsagundem.com/piyasa-ekrani/hisse-detay/CASA,1
https://www.posta.com.tr/,1
https://www.posta.com.tr/,1
https://qoshe.com/gazete/duvar-english-en,1
https://qoshe.com/gazete/e-international,1
https://www.haberturk.com/ekonomi/enerji,1
https://www.borsagundem.com/piyasa-ekrani/hisse-detay/KUTPO,1
https://www.borsagundem.com/piyasa-ekrani/hisse-detay/GEDZA,1
https://qoshe.com/gazete/haaretz,1
https://qoshe.com/gazete/il-manifesto-global-en,1
https://www.haberturk.com/ekonomi/savunma-sanayi,1
https://www.borsagundem.com/piyasa-ekrani/hisse-detay/ISGSY,1
https://www.borsagundem.com/piyasa-ekrani/hisse-detay/MERIT,1
https://qoshe.com/gazete/japan-today,1
https://qoshe.com/gazete/khaama-press-en,1
https://www.haberturk.com/ekonomi/emlak,1
https://qoshe.com/gazete/middle-east-monitor-en,1
https://qoshe.com/gazete/new-eastern-outlook-en,1
https://qoshe.com/gazete/nikkei-asian-review,1
https://www.haberturk.com/projeler/cekmekoy,1
https://qoshe.com/gazete/oped-column-en,1
https://qoshe.com/gazete/pravdask,1
https://www.haberturk.com/ekonomi/girisimcilik,1
https://www.borsagundem.com/gunun-haberleri,1
https://qoshe.com/gazete/project-syndicate,1
https://qoshe.com/gazete/psychology-today-en,1
https://www.haberturk.com/ekonomi/sigorta,1
https://theworldnews.net/,1
https://theworldnews.net/page/vacancy,1
https://theworldnews.net/page/contacts,1
https://www.borsagundem.com/gunun-haberleri,1
https://qoshe.com/gazete/qolumnist-en,1
https://qoshe.com/gazete/rt-com-world,1
https://qoshe.com/gazete/smesk,1
https://www.haberturk.com/ekonomi/sosyal-guvenlik,1
https://theworldnews.net/page/adv,1
https://theworldnews.net/page/press,1
https://theworldnews.net/,1
https://www.posta.com.tr/son-dakika-haberleri,1
https://qoshe.com/gazete/south-china-morning-post-en,1
https://qoshe.com/gazete/the-asahi-shimbun,1
https://qoshe.com/gazete/the-diplomat-en,1
https://www.haberturk.com/ekonomi/sosyal-guvenlik/genel-saglik-sigortasi,1
https://qoshe.com/gazete/the-japan-news,1
https://qoshe.com/gazete/the-japan-times,1
https://www.haberturk.com/ekonomi/sosyal-guvenlik/emekli,1
https://qoshe.com/gazete/the-korea-times,1
https://qoshe.com/gazete/the-times-of-israel-en,1
https://www.haberturk.com/ekonomi/sosyal-guvenlik/memur,1
https://www.posta.com.tr/insan/astroloji,1
https://www.posta.com.tr/sosyal-yasam/kultur-sanat,1
https://www.sabah.com.tr,1
https://www.sabah.com.tr/spor-haberleri,1
https://www.sabah.com.tr/magazin-haberleri,1
"Href"":""https://www.sabah.com.tr/apara",1
https://www.sabah.com.tr/roza,1
https://www.sabah.com.tr/memurlar,1
https://www.sabah.com.tr/video,1
https://www.sabah.com.tr/video/canli-yayin/atv,1
https://www.sabah.com.tr/video/canli-yayin/ahaber,1
https://www.sabah.com.tr/apara/canli-yayin,1
https://www.sabah.com.tr/video/canli-yayin/a2tv,1
https://www.sabah.com.tr/turkiye-kupasi,1
https://www.sabah.com.tr/magazin-haberleri,1
https://www.sabah.com.tr/kadin,1
https://www.sabah.com.tr/apara,1
https://www.sabah.com.tr/memurlar,1
https://www.sabah.com.tr/bugunku-sabah,1
https://www.sabah.com.tr/apara/canli-yayin,1
https://www.sabah.com.tr/bize-ulasin,1
https://www.sabah.com.tr/kunye,1
https://www.sabah.com.tr/apara/borsa,1
https://www.sabah.com.tr/apara/doviz/dolar,1
https://www.sabah.com.tr/yerel-haberler,1
https://www.sabah.com.tr/tum-mansetler,1
https://www.sabah.com.tr/bulmaca-coz,1
https://www.sabah.com.tr/son-dakika-haberleri,1
https://www.sabah.com.tr/seslidinle,1
https://www.sabah.com.tr/sans-oyunlari-sonuclari,1
https://www.sabah.com.tr/yayin-akisi,1
https://www.sabah.com.tr/son-dakika-haberleri,1
https://www.sabah.com.tr/ruya-tabirleri,1
https://www.sabah.com.tr/timeline,1
https://www.sabah.com.tr/gundem,1
https://www.sabah.com.tr/dunya,1
https://www.sabah.com.tr/son-dakika-haberleri,1
https://www.sabah.com.tr/yerel-haberler,1
https://www.sabah.com.tr/zaman-tuneli,1
https://www.sabah.com.tr/spor/futbol,1
https://www.sabah.com.tr/spor/superlig,1
https://www.sabah.com.tr/spor/sampiyonlarligi,1
https://www.sabah.com.tr/spor/avrupaligi,1
https://www.sabah.com.tr/spor/futbolmillitakim,1
https://www.sabah.com.tr/spor/basketbol,1
https://www.sabah.com.tr/spor/voleybol,1
